1,John,,Doe
2,Jane,M,Smith
3,Michael,A,Johnson
4,Emily,R,Williams
5,Robert,J,Brown
6,Emma,S,Jones
7,William,T,Miller
8,Sophia,K,Davis
9,Alexander,P,Garcia
10,Olivia,L,Rodriguez
11,James,,Wilson
12,Elizabeth,H,Martinez
13,David,,Anderson
14,Isabella,F,Taylor
15,Matthew,G,Thomas
16,Sarah,E,Hernandez
17,Joseph,B,Moore
18,Charlotte,N,Martin
19,Andrew,C,Jackson
20,Mia,Y,Thompson
21,Christopher,E,White
22,Amelia,I,Lopez
23,Abraham,J,Lee
24,Evelyn,O,Gonzalez
25,Joshua,U,Harris
26,Grace,V,Clark
27,Liam,Z,Lewis
28,Samantha,X,Robinson
29,Nathan,Y,Walker
30,Chloe,W,Perez
31,Ethan,L,Hall
32,Hannah,A,Young
33,Aaron,K,Allen
34,Victoria,J,Wright
35,Daniel,T,King
36,Madison,R,Wright
37,Anthony,M,Hill
38,Ava,N,Scott
39,Gabriel,Z,Green
40,Avery,J,Adams
41,Harper,D,Baker
42,Logan,E,Gonzales
43,Sofia,,Nelson
44,Michael,G,Carter
45,Emily,H,Mitchell
46,Lucas,I,Perez
47,Leah,J,Richardson
48,Jackson,R,Turner
49,Mia,K,Phillips
50,Gabriella,S,Campbell