1,1234,john.A.Doe@example.com,John,A,Doe
2,5678,jane.M.Smith@example.com,Jane,M,Smith
3,9876,michael.B.Johnson@example.com,Michael,B,Johnson
4,4321,emily.C.Williams@example.com,Emily,C,Williams
5,8765,robert.D.Brown@example.com,Robert,D,Brown
6,2190,emma.Jones@example.com,Emma,,Jones
7,5432,william.F.Miller@example.com,William,F,Miller
8,8763,sophia.G.Davis@example.com,Sophia,G,Davis
9,1902,alexander.Garcia@example.com,Alexander,,Garcia
10,7890,olivia.H.Rodriguez@example.com,Olivia,H,Rodriguez
11,2345,james.I.Wilson@example.com,James,I,Wilson
12,6789,elizabeth.Martinez@example.com,Elizabeth,,Martinez
13,1230,david.J.Anderson@example.com,David,J,Anderson
14,5436,isabella.K.Taylor@example.com,Isabella,K,Taylor
15,9087,matthew.L.Thomas@example.com,Matthew,L,Thomas
16,2310,sarah.M.Hernandez@example.com,Sarah,M,Hernandez
17,6754,joseph.N.Moore@example.com,Joseph,N,Moore
18,1098,charlotte.O.Martin@example.com,Charlotte,O,Martin
19,4567,andrew.P.Jackson@example.com,Andrew,P,Jackson
20,8901,mia.Thompson@example.com,Mia,,Thompson
21,2134,christopher.Q.White@example.com,Christopher,Q,White
22,9870,amelia.R.Lopez@example.com,Amelia,R,Lopez
23,4320,abraham.Lee@example.com,Abraham,,Lee
24,6543,evelyn.S.Gonzalez@example.com,Evelyn,S,Gonzalez
25,2198,joshua.T.Harris@example.com,Joshua,T,Harris
26,5430,grace.Clark@example.com,Grace,,Clark
27,8769,liam.U.Lewis@example.com,Liam,U,Lewis
28,1235,samantha.V.Robinson@example.com,Samantha,V,Robinson
29,8907,nathan.W.Walker@example.com,Nathan,W,Walker
30,2198,chloe.X.Perez@example.com,Chloe,X,Perez
31,5670,ethan.Y.Hall@example.com,Ethan,Y,Hall
32,9876,hannah.Z.Young@example.com,Hannah,Z,Young
33,1239,aaron.Allen@example.com,Aaron,,Allen
34,8902,victoria.Wright@example.com,Victoria,A,Wright
35,8760,daniel.B.King@example.com,Daniel,B,King
36,5431,madison.Wright@example.com,Madison,C,Wright
37,6542,anthony.Hill@example.com,Anthony,D,Hill
38,1092,ava.E.Scott@example.com,Ava,E,Scott
39,2135,gabriel.Green@example.com,Gabriel,F,Green
40,9871,avery.Adams@example.com,Avery,G,Adams
41,6541,harper.Baker@example.com,Harper,H,Baker
42,8903,logan.Gonzales@example.com,Logan,I,Gonzales
43,1236,sofia.Nelson@example.com,Sofia,J,Nelson
44,5671,michael.Carter@example.com,Michael,K,Carter
45,5438,emily.Mitchell@example.com,Emily,L,Mitchell
46,2197,lucas.Perez@example.com,Lucas,M,Perez
47,8762,leah.Richardson@example.com,Leah,N,Richardson
48,2139,jackson.Turner@example.com,Jackson,O,Turner
49,6540,mia.Phillips@example.com,Mia,P,Phillips
50,8905,gabriella.Campbell@example.com,Gabriella,,Campbell
51,1237,david.Evans@example.com,David,Q,Evans
52,9873,sophia.Parker@example.com,Sophia,R,Parker
53,5672,mason.Collins@example.com,Mason,,Collins
54,5439,hannah.Stewart@example.com,Hannah,S,Stewart
55,2196,ashley.Murphy@example.com,Ashley,T,Murphy
56,6548,ella.Rivera@example.com,Ella,U,Rivera
57,8768,dylan.Cook@example.com,Dylan,V,Cook
58,2130,natalie.Rogers@example.com,Natalie,W,Rogers
59,8906,benjamin.Morgan@example.com,Benjamin,X,Morgan
60,1238,aria.Bell@example.com,Aria,Y,Bell
61,8764,samantha.Murphy@example.com,Samantha,Z,Murphy
62,2194,nicholas.Cooper@example.com,Nicholas,A,Cooper
63,9872,hailey.Richard@example.com,Hailey,B,Richard
64,6549,william.Hughes@example.com,William,C,Hughes
65,8904,addison.Flores@example.com,Addison,D,Flores
66,2138,isaiah.Long@example.com,Isaiah,E,Long
67,5437,eleanor.Bailey@example.com,Eleanor,F,Bailey
68,5673,evelyn.Foster@example.com,Evelyn,G,Foster
69,8767,grayson.Gonzales@example.com,Grayson,H,Gonzales
70,2195,elena.Butler@example.com,Elena,I,Butler
71,6547,aidan.Fisher@example.com,Aidan,J,Fisher
72,8908,julian.Jordan@example.com,Julian,K,Jordan
73,1233,clara.Cole@example.com,Clara,L,Cole
74,2132,lincoln.Marshall@example.com,Lincoln,M,Marshall
75,8766,autumn.Payne@example.com,Autumn,N,Payne
76,2193,david.Morris@example.com,David,O,Morris
77,6546,lillian.Wagner@example.com,Lillian,P,Wagner
78,8909,jacob.Harrison@example.com,Jacob,Q,Harrison
79,1232,sarah.Johnston@example.com,Sarah,R,Johnston
80,8761,eli.Daniels@example.com,Eli,S,Daniels
81,2191,madelyn.Dixon@example.com,Madelyn,T,Dixon
82,9875,gavin.Hansen@example.com,Gavin,U,Hansen
83,5674,adeline.Barnes@example.com,Adeline,V,Barnes
84,5435,audrey.Reid@example.com,Audrey,W,Reid
85,6545,caleb.Pierce@example.com,Caleb,X,Pierce
86,8900,hazel.Griffin@example.com,Hazel,Y,Griffin
87,1231,ellie.Fletcher@example.com,Ellie,Z,Fletcher
88,9879,bryson.Mendoza@example.com,Bryson,A,Mendoza
89,5676,emilia.Garza@example.com,Emilia,B,Garza
90,5434,jaxon.Hoffman@example.com,Jaxon,C,Hoffman
91,6544,ariana.Hicks@example.com,Ariana,D,Hicks
92,8899,edward.Newton@example.com,Edward,E,Newton
93,1230,lucy.Gilbert@example.com,Lucy,F,Gilbert
94,5678,nolan.Hodges@example.com,Nolan,G,Hodges
95,5433,lydia.Wade@example.com,Lydia,H,Wade
96,6543,tristan.Adkins@example.com,Tristan,I,Adkins
97,8898,alexis.Kerr@example.com,Alexis,J,Kerr
98,1229,leo.Russo@example.com,Leo,K,Russo
99,5679,eliana.Burgess@example.com,Eliana,L,Burgess
100,5432,colton.Wilkerson@example.com,Colton,M,Wilkerson
